{"loss": 0.003287257762653636, "_timestamp": 1733164178.3618696, "_runtime": 308.00801253318787, "_step": 79, "_wandb": {"runtime": 309}}