{"loss": 0.0033000565239055518, "_timestamp": 1733113817.616027, "_runtime": 284.8115792274475, "_step": 79, "_wandb": {"runtime": 286}}