{"loss": 0.0018017712102634774, "_timestamp": 1733262305.393557, "_runtime": 264.59237599372864, "_step": 43, "_wandb": {"runtime": 271}}