{"loss": 0.0030306439724847463, "_timestamp": 1733170630.3106322, "_runtime": 317.70079827308655, "_step": 79, "_wandb": {"runtime": 319}}