{"loss": 0.001651940133302537, "test_loss": 0.0016018861206248403, "_timestamp": 1733262838.500036, "_runtime": 506.61590909957886, "_step": 39, "_wandb": {"runtime": 448}}