{"epoch": 80, "loss": 0.0033905615897573908, "_timestamp": 1733112718.0252373, "_runtime": 237.223970413208, "_step": 79, "_wandb": {"runtime": 240}}