{"loss": 0.0031282034771789287, "_timestamp": 1733165088.0777414, "_runtime": 297.19814348220825, "_step": 79, "_wandb": {"runtime": 282}}