{"loss": 0.003131441979920902, "_timestamp": 1733165934.517364, "_runtime": 317.1064109802246, "_step": 79, "_wandb": {"runtime": 319}}